[
{
  "model": "frontend.section",
  "pk": "02",
  "fields": {
    "name": "Cardiovascular System",
    "number_str": "2",
    "bnf_chapter": 2,
    "bnf_section": null,
    "bnf_para": null
  }
},
{
  "model": "frontend.section",
  "pk": "0202",
  "fields": {
    "name": "Diuretics",
    "number_str": "2.2",
    "bnf_chapter": 2,
    "bnf_section": 2,
    "bnf_para": null
  }
},
{
  "model": "frontend.section",
  "pk": "020201",
  "fields": {
    "name": "Thiazides And Related Diuretics",
    "number_str": "2.2.1",
    "bnf_chapter": 2,
    "bnf_section": 2,
    "bnf_para": 1
  }
},
{
  "model": "frontend.section",
  "pk": "0204",
  "fields": {
    "name": "Beta-Adrenoceptor Blocking Drugs",
    "number_str": "2.4",
    "bnf_chapter": 2,
    "bnf_section": 4,
    "bnf_para": null
  }
},
{
  "model": "frontend.section",
  "pk": "0503",
  "fields": {
    "name": "Antiviral Drugs",
    "number_str": "5.3",
    "bnf_chapter": 5,
    "bnf_section": 3,
    "bnf_para": null
  }
},
{
  "model": "frontend.pct",
  "pk": "02Q",
  "fields": {
    "ons_code": null,
    "name": null,
    "org_type": "CCG",
    "boundary": null,
    "managing_group": null,
    "open_date": null,
    "close_date": null,
    "address": null,
    "postcode": null
  }
},
{
  "model": "frontend.pct",
  "pk": "03Q",
  "fields": {
    "ons_code": "E38000188",
    "name": "NHS Vale of York",
    "org_type": "CCG",
    "boundary": "SRID=4326;MULTIPOLYGON (((-117.0000000000000284 33.9794307631842827, -117.0000000000000284 32.9999999999999858, -117.0735592950724140 32.9999999999999858, -117.1109876134197094 33.0564681119540893, -117.1440879436102591 33.1143913965012757, -117.1548284484030944 33.1458054049181499, -117.1587611170690195 33.1783271568916263, -117.1544240956589249 33.2098968876784255, -117.1293059776068333 33.2720786429111115, -117.1297879555974220 33.3033747683331427, -117.1416243306352953 33.3350621994500500, -117.1602037062559702 33.3634909419218815, -117.1870564151785459 33.3869648252237425, -117.2193257957326153 33.4058924411327496, -117.2915579185745685 33.4301340584446649, -117.3612314041401561 33.4594138200975948, -117.3911427956023346 33.4798435915357970, -117.4186117085522767 33.5030477950865162, -117.4649833082258255 33.5548224305209999, -117.6540080810584499 33.7900940799815146, -117.6376759730218140 33.8001446349885128, -117.3514719836719422 33.8984678288236978, -117.1869112717077854 33.9509596279791168, -117.0170223710189958 33.9798014918877556, -117.0000000000000284 33.9794307631842827)))",
    "managing_group": null,
    "open_date": null,
    "close_date": null,
    "address": null,
    "postcode": null
  }
},
{
  "model": "frontend.pct",
  "pk": "03T",
  "fields": {
    "ons_code": null,
    "name": null,
    "org_type": "CCG",
    "boundary": null,
    "managing_group": null,
    "open_date": null,
    "close_date": null,
    "address": null,
    "postcode": null
  }
},
{
  "model": "frontend.pct",
  "pk": "03V",
  "fields": {
    "ons_code": "E38000037",
    "name": "NHS Corby",
    "org_type": "CCG",
    "boundary": "SRID=4326;MULTIPOLYGON (((-117.0000000000000284 33.9794307631842827, -117.0000000000000284 32.9999999999999858, -117.0735592950724140 32.9999999999999858, -117.1109876134197094 33.0564681119540893, -117.1440879436102591 33.1143913965012757, -117.1548284484030944 33.1458054049181499, -117.1587611170690195 33.1783271568916263, -117.1544240956589249 33.2098968876784255, -117.1293059776068333 33.2720786429111115, -117.1297879555974220 33.3033747683331427, -117.1416243306352953 33.3350621994500500, -117.1602037062559702 33.3634909419218815, -117.1870564151785459 33.3869648252237425, -117.2193257957326153 33.4058924411327496, -117.2915579185745685 33.4301340584446649, -117.3612314041401561 33.4594138200975948, -117.3911427956023346 33.4798435915357970, -117.4186117085522767 33.5030477950865162, -117.4649833082258255 33.5548224305209999, -117.6540080810584499 33.7900940799815146, -117.6376759730218140 33.8001446349885128, -117.3514719836719422 33.8984678288236978, -117.1869112717077854 33.9509596279791168, -117.0170223710189958 33.9798014918877556, -117.0000000000000284 33.9794307631842827)))",
    "managing_group": null,
    "open_date": null,
    "close_date": null,
    "address": null,
    "postcode": null
  }
},
{
  "model": "frontend.pct",
  "pk": "04D",
  "fields": {
    "ons_code": null,
    "name": null,
    "org_type": "CCG",
    "boundary": null,
    "managing_group": null,
    "open_date": null,
    "close_date": null,
    "address": null,
    "postcode": null
  }
},
{
  "model": "frontend.practice",
  "pk": "A85017",
  "fields": {
    "ccg": "02Q",
    "area_team": null,
    "name": "BEWICK ROAD SURGERY",
    "address1": null,
    "address2": null,
    "address3": null,
    "address4": null,
    "address5": null,
    "postcode": null,
    "location": null,
    "setting": 4,
    "open_date": null,
    "close_date": null,
    "join_provider_date": null,
    "leave_provider_date": null,
    "status_code": null
  }
},
{
  "model": "frontend.practice",
  "pk": "A86030",
  "fields": {
    "ccg": "02Q",
    "area_team": null,
    "name": "BETTS AVENUE MEDICAL GROUP",
    "address1": null,
    "address2": null,
    "address3": null,
    "address4": null,
    "address5": null,
    "postcode": null,
    "location": null,
    "setting": 4,
    "open_date": null,
    "close_date": null,
    "join_provider_date": null,
    "leave_provider_date": null,
    "status_code": null
  }
},
{
  "model": "frontend.practice",
  "pk": "B82005",
  "fields": {
    "ccg": "02Q",
    "area_team": null,
    "name": "PRIORY MEDICAL GROUP",
    "address1": null,
    "address2": null,
    "address3": null,
    "address4": null,
    "address5": null,
    "postcode": null,
    "location": null,
    "setting": 4,
    "open_date": "2015-01-01",
    "close_date": null,
    "join_provider_date": null,
    "leave_provider_date": null,
    "status_code": null
  }
},
{
  "model": "frontend.practice",
  "pk": "B82008",
  "fields": {
    "ccg": "02Q",
    "area_team": null,
    "name": "NORTH HOUSE SURGERY",
    "address1": null,
    "address2": null,
    "address3": null,
    "address4": null,
    "address5": null,
    "postcode": null,
    "location": null,
    "setting": 4,
    "open_date": "2010-04-01",
    "close_date": "2012-01-01",
    "join_provider_date": null,
    "leave_provider_date": null,
    "status_code": null
  }
},
{
  "model": "frontend.practice",
  "pk": "B82010",
  "fields": {
    "ccg": "02Q",
    "area_team": null,
    "name": "RIPON SPA SURGERY",
    "address1": null,
    "address2": null,
    "address3": null,
    "address4": null,
    "address5": null,
    "postcode": null,
    "location": null,
    "setting": 4,
    "open_date": null,
    "close_date": null,
    "join_provider_date": null,
    "leave_provider_date": null,
    "status_code": null
  }
},
{
  "model": "frontend.practice",
  "pk": "C83019",
  "fields": {
    "ccg": "03T",
    "area_team": null,
    "name": "BEACON MEDICAL PRACTICE",
    "address1": null,
    "address2": null,
    "address3": null,
    "address4": null,
    "address5": null,
    "postcode": null,
    "location": null,
    "setting": 4,
    "open_date": null,
    "close_date": null,
    "join_provider_date": null,
    "leave_provider_date": null,
    "status_code": null
  }
},
{
  "model": "frontend.practice",
  "pk": "C83051",
  "fields": {
    "ccg": "04D",
    "area_team": null,
    "name": "ABBEY MEDICAL PRACTICE",
    "address1": null,
    "address2": null,
    "address3": null,
    "address4": null,
    "address5": null,
    "postcode": null,
    "location": null,
    "setting": 4,
    "open_date": null,
    "close_date": null,
    "join_provider_date": null,
    "leave_provider_date": null,
    "status_code": null
  }
},
{
  "model": "frontend.practice",
  "pk": "C84001",
  "fields": {
    "ccg": "02Q",
    "area_team": null,
    "name": "LARWOOD SURGERY",
    "address1": null,
    "address2": null,
    "address3": null,
    "address4": null,
    "address5": null,
    "postcode": null,
    "location": null,
    "setting": 4,
    "open_date": null,
    "close_date": null,
    "join_provider_date": null,
    "leave_provider_date": null,
    "status_code": null
  }
},
{
  "model": "frontend.practice",
  "pk": "C84024",
  "fields": {
    "ccg": "02Q",
    "area_team": null,
    "name": "NEWGATE MEDICAL GROUP",
    "address1": null,
    "address2": null,
    "address3": null,
    "address4": null,
    "address5": null,
    "postcode": null,
    "location": null,
    "setting": 4,
    "open_date": null,
    "close_date": null,
    "join_provider_date": null,
    "leave_provider_date": null,
    "status_code": null
  }
},
{
  "model": "frontend.practice",
  "pk": "K83059",
  "fields": {
    "ccg": "03V",
    "area_team": null,
    "name": "DR KHALID & PARTNERS",
    "address1": "WOODSEND MEDICAL CENTRE",
    "address2": "SCHOOL PLACE",
    "address3": "GAINSBOROUGH ROAD",
    "address4": "CORBY NORTHAMPTONSHIRE",
    "address5": null,
    "postcode": "NN18 0QP",
    "location": "SRID=4326;POINT (1.5000000000000000 51.5000000000000000)",
    "setting": -1,
    "open_date": null,
    "close_date": null,
    "join_provider_date": null,
    "leave_provider_date": null,
    "status_code": null
  }
},
{
  "model": "frontend.practice",
  "pk": "N84014",
  "fields": {
    "ccg": "03Q",
    "area_team": null,
    "name": "AINSDALE VILLAGE SURGERY",
    "address1": "THE SURGERY",
    "address2": "2 LEAMINGTON RD AINSDALE",
    "address3": "SOUTHPORT",
    "address4": "MERSEYSIDE",
    "address5": null,
    "postcode": "PR8 3LB",
    "location": "SRID=4326;POINT (1.0000000000000000 51.5000000000000000)",
    "setting": 4,
    "open_date": null,
    "close_date": null,
    "join_provider_date": null,
    "leave_provider_date": null,
    "status_code": null
  }
},
{
  "model": "frontend.practice",
  "pk": "P87629",
  "fields": {
    "ccg": "03V",
    "area_team": null,
    "name": "1/ST ANDREWS MEDICAL PRACTICE",
    "address1": "ST.ANDREWS MEDICAL CENTRE",
    "address2": "30 RUSSELL STREET ECCLES",
    "address3": "MANCHESTER",
    "address4": null,
    "address5": null,
    "postcode": "M30 0NU",
    "location": "SRID=4326;POINT (0.0000000000000000 52.0000000000000000)",
    "setting": 4,
    "open_date": null,
    "close_date": null,
    "join_provider_date": null,
    "leave_provider_date": null,
    "status_code": null
  }
},
{
  "model": "frontend.practice",
  "pk": "Y00581",
  "fields": {
    "ccg": "02Q",
    "area_team": null,
    "name": "BASSETLAW DRUG & ALCOHOL SERVICE",
    "address1": null,
    "address2": null,
    "address3": null,
    "address4": null,
    "address5": null,
    "postcode": null,
    "location": null,
    "setting": 1,
    "open_date": null,
    "close_date": null,
    "join_provider_date": null,
    "leave_provider_date": null,
    "status_code": null
  }
},
{
  "model": "frontend.chemical",
  "pk": "0202010B0",
  "fields": {
    "chem_name": "Bendroflumethiazide"
  }
},
{
  "model": "frontend.chemical",
  "pk": "0202010D0",
  "fields": {
    "chem_name": "Chlorothiazide"
  }
},
{
  "model": "frontend.chemical",
  "pk": "0202010F0",
  "fields": {
    "chem_name": "Chlortalidone"
  }
},
{
  "model": "frontend.chemical",
  "pk": "0204000I0",
  "fields": {
    "chem_name": "Labetalol Hydrochloride"
  }
},
{
  "model": "frontend.chemical",
  "pk": "0408010A0",
  "fields": {
    "chem_name": "Keppra"
  }
},
{
  "model": "frontend.chemical",
  "pk": "0703021Q0",
  "fields": {
    "chem_name": "Desogestrel"
  }
},
{
  "model": "frontend.prescription",
  "pk": 1,
  "fields": {
    "pct": "02Q",
    "practice": "C84001",
    "presentation_code": "0703021Q0BBAAAA",
    "total_items": 10,
    "actual_cost": 1000.0,
    "quantity": 1000.0,
    "processing_date": "2015-09-01"
  }
},
{
  "model": "frontend.prescription",
  "pk": 2,
  "fields": {
    "pct": "02Q",
    "practice": "C84001",
    "presentation_code": "0703021Q0AAAAAA",
    "total_items": 100,
    "actual_cost": 1000.0,
    "quantity": 10000.0,
    "processing_date": "2015-09-01"
  }
},
{
  "model": "frontend.prescription",
  "pk": 3,
  "fields": {
    "pct": "02Q",
    "practice": "C84024",
    "presentation_code": "0703021Q0BBAAAA",
    "total_items": 100,
    "actual_cost": 10000.0,
    "quantity": 10000.0,
    "processing_date": "2015-09-01"
  }
},
{
  "model": "frontend.prescription",
  "pk": 4,
  "fields": {
    "pct": "02Q",
    "practice": "C84024",
    "presentation_code": "0703021Q0AAAAAA",
    "total_items": 200,
    "actual_cost": 2000.0,
    "quantity": 20000.0,
    "processing_date": "2015-09-01"
  }
},
{
  "model": "frontend.prescription",
  "pk": 5,
  "fields": {
    "pct": "02Q",
    "practice": "B82005",
    "presentation_code": "0703021Q0BBAAAA",
    "total_items": 700,
    "actual_cost": 70000.0,
    "quantity": 70000.0,
    "processing_date": "2015-09-01"
  }
},
{
  "model": "frontend.prescription",
  "pk": 6,
  "fields": {
    "pct": "02Q",
    "practice": "B82005",
    "presentation_code": "0703021Q0AAAAAA",
    "total_items": 300,
    "actual_cost": 3000.0,
    "quantity": 30000.0,
    "processing_date": "2015-09-01"
  }
},
{
  "model": "frontend.prescription",
  "pk": 7,
  "fields": {
    "pct": "02Q",
    "practice": "A85017",
    "presentation_code": "0703021Q0BBAAAA",
    "total_items": 10,
    "actual_cost": 1000.0,
    "quantity": 1000.0,
    "processing_date": "2015-09-01"
  }
},
{
  "model": "frontend.prescription",
  "pk": 8,
  "fields": {
    "pct": "02Q",
    "practice": "A86030",
    "presentation_code": "0703021Q0AAAAAA",
    "total_items": 10,
    "actual_cost": 100.0,
    "quantity": 1000.0,
    "processing_date": "2015-09-01"
  }
},
{
  "model": "frontend.prescription",
  "pk": 9,
  "fields": {
    "pct": "04D",
    "practice": "C83051",
    "presentation_code": "0703021Q0BBAAAA",
    "total_items": 15,
    "actual_cost": 1500.0,
    "quantity": 1500.0,
    "processing_date": "2015-09-01"
  }
},
{
  "model": "frontend.prescription",
  "pk": 10,
  "fields": {
    "pct": "04D",
    "practice": "C83051",
    "presentation_code": "0703021Q0AAAAAA",
    "total_items": 200,
    "actual_cost": 2000.0,
    "quantity": 20000.0,
    "processing_date": "2015-09-01"
  }
},
{
  "model": "frontend.prescription",
  "pk": 11,
  "fields": {
    "pct": "03T",
    "practice": "C83019",
    "presentation_code": "0703021Q0BBAAAA",
    "total_items": 20,
    "actual_cost": 2000.0,
    "quantity": 2000.0,
    "processing_date": "2015-09-01"
  }
},
{
  "model": "frontend.prescription",
  "pk": 12,
  "fields": {
    "pct": "03T",
    "practice": "C83019",
    "presentation_code": "0703021Q0AAAAAA",
    "total_items": 150,
    "actual_cost": 1500.0,
    "quantity": 15000.0,
    "processing_date": "2015-09-01"
  }
},
{
  "model": "frontend.prescription",
  "pk": 13,
  "fields": {
    "pct": "02Q",
    "practice": "C84001",
    "presentation_code": "0408010A0BBAAAA",
    "total_items": 10,
    "actual_cost": 100000.0,
    "quantity": 5.0,
    "processing_date": "2015-09-01"
  }
},
{
  "model": "frontend.prescription",
  "pk": 14,
  "fields": {
    "pct": "02Q",
    "practice": "C84001",
    "presentation_code": "0408010A0AAACAC",
    "total_items": 1,
    "actual_cost": 500.0,
    "quantity": 5.0,
    "processing_date": "2015-09-01"
  }
},
{
  "model": "frontend.prescription",
  "pk": 15,
  "fields": {
    "pct": "03T",
    "practice": "C83019",
    "presentation_code": "0408010A0BBAAAA",
    "total_items": 1,
    "actual_cost": 10.0,
    "quantity": 1.0,
    "processing_date": "2015-09-01"
  }
},
{
  "model": "frontend.prescription",
  "pk": 16,
  "fields": {
    "pct": "03T",
    "practice": "C83019",
    "presentation_code": "0408010A0AAACAC",
    "total_items": 5,
    "actual_cost": 50.0,
    "quantity": 5.0,
    "processing_date": "2015-09-01"
  }
},
{
  "model": "frontend.prescription",
  "pk": 17,
  "fields": {
    "pct": "04D",
    "practice": "C83051",
    "presentation_code": "0408010A0BBAAAA",
    "total_items": 1,
    "actual_cost": 10.0,
    "quantity": 1.0,
    "processing_date": "2015-09-01"
  }
},
{
  "model": "frontend.prescription",
  "pk": 18,
  "fields": {
    "pct": "04D",
    "practice": "C83051",
    "presentation_code": "0408010A0AAACAC",
    "total_items": 5,
    "actual_cost": 50.0,
    "quantity": 5.0,
    "processing_date": "2015-09-01"
  }
},
{
  "model": "frontend.prescription",
  "pk": 19,
  "fields": {
    "pct": "04D",
    "practice": "C83051",
    "presentation_code": "0703021Q0BBAAAA",
    "total_items": 15,
    "actual_cost": 1500.0,
    "quantity": 1500.0,
    "processing_date": "2015-10-01"
  }
},
{
  "model": "frontend.prescription",
  "pk": 20,
  "fields": {
    "pct": "04D",
    "practice": "C83051",
    "presentation_code": "0703021Q0AAAAAA",
    "total_items": 200,
    "actual_cost": 2000.0,
    "quantity": 20000.0,
    "processing_date": "2015-10-01"
  }
},
{
  "model": "frontend.prescription",
  "pk": 21,
  "fields": {
    "pct": "03T",
    "practice": "C83019",
    "presentation_code": "0703021Q0BBAAAA",
    "total_items": 20,
    "actual_cost": 1000.0,
    "quantity": 2000.0,
    "processing_date": "2015-10-01"
  }
},
{
  "model": "frontend.prescription",
  "pk": 22,
  "fields": {
    "pct": "03T",
    "practice": "C83019",
    "presentation_code": "0703021Q0AAAAAA",
    "total_items": 150,
    "actual_cost": 1500.0,
    "quantity": 15000.0,
    "processing_date": "2015-10-01"
  }
},
{
  "model": "frontend.prescription",
  "pk": 23,
  "fields": {
    "pct": "02Q",
    "practice": "A86030",
    "presentation_code": "0703021Q0AAAAAA",
    "total_items": 10,
    "actual_cost": 100.0,
    "quantity": 1000.0,
    "processing_date": "2015-10-01"
  }
},
{
  "model": "frontend.measure",
  "pk": "cerazette",
  "fields": {
    "name": "Cerazette vs. Desogestrel",
    "title": "Prescribing of branded Cerazette (BNF code 0703021Q0BB) compared with prescribing of all desogestrel (BNF code 0703021Q0)",
    "description": "Total quantity of Cerazette (0703021Q0BB), as a proportion of total quantity of desogestrel (0703021Q0).",
    "why_it_matters": "This is the NHS Business Service Authority's top cost-saver from   generic switching. Cerazette and desogestrel are both exactly  the same drug, the same molecule, but Cerazette is an expensive  branded package, and desogestrel is a cheap generic package.",
    "numerator_short": "Cerazette quantity",
    "denominator_short": "Desogestrel quantity",
    "start_date": "2001-01-01",
    "end_date": "2001-01-01",
    "url": null,
    "is_percentage": true,
    "is_cost_based": true,
    "low_is_good": true
  }
},
{
  "model": "frontend.measure",
  "pk": "keppra",
  "fields": {
    "name": "Keppra vs. levetiracetam",
    "title": "Prescribing of branded Keppra (BNF code 0408010A0BB) compared with prescribing of all levetiracetam (BNF code 0408010A0)",
    "description": "Total quantity of Keppra (0408010A0BB), as a proportion of total quantity of levetiracetam (0408010A0).",
    "why_it_matters": "This is one of the NHS Business Service Authority's top cost-savers from  generic switching. Keppra is an expensive branded form of the chemical  levetiracetam. The MHRA's guidance is that it is usually unnecessary  to maintain patients on a specific manufacturer's levetiracetam product  unless there are specific concerns such as patient anxiety, or risk of  confusion or dosing errors.",
    "numerator_short": "Keppra quantity",
    "denominator_short": "Levetiracetam quantity",
    "start_date": "2001-01-01",
    "end_date": "2001-01-01",
    "url": null,
    "is_percentage": true,
    "is_cost_based": true,
    "low_is_good": true
  }
},
{
  "model": "frontend.measurevalue",
  "pk": 1,
  "fields": {
    "measure": "cerazette",
    "pct": "02Q",
    "practice": "C84001",
    "month": "2015-09-01",
    "numerator": 1000.0,
    "denominator": 11000.0,
    "calc_value": 0.0909090909090909,
    "num_items": 10,
    "denom_items": 110,
    "num_cost": 1000.0,
    "denom_cost": 2000.0,
    "num_quantity": 1000.0,
    "denom_quantity": 11000.0,
    "percentile": 33.3333333333333,
    "cost_savings": {
      "10": 485.5813953488371,
      "20": 167.4418604651164,
      "30": 41.8604651162791,
      "50": -264.705882352941,
      "40": -105.88235294117658,
      "60": -1545.8823529411757,
      "70": -3125.9999999999973,
      "90": -7218.0,
      "80": -5304.000000000002
    }
  }
},
{
  "model": "frontend.measurevalue",
  "pk": 2,
  "fields": {
    "measure": "cerazette",
    "pct": "02Q",
    "practice": "A85017",
    "month": "2015-09-01",
    "numerator": 1000.0,
    "denominator": 1000.0,
    "calc_value": 1.0,
    "num_items": 10,
    "denom_items": 10,
    "num_cost": 1000.0,
    "denom_cost": 1000.0,
    "num_quantity": 1000.0,
    "denom_quantity": 1000.0,
    "percentile": 100.0,
    "cost_savings": {
      "10": 862.3255813953488,
      "20": 833.4038054968287,
      "30": 821.9873150105708,
      "50": 794.1176470588235,
      "40": 808.5561497326203,
      "60": 677.6470588235295,
      "70": 534.0000000000002,
      "90": 161.9999999999999,
      "80": 335.9999999999998
    }
  }
},
{
  "model": "frontend.measurevalue",
  "pk": 3,
  "fields": {
    "measure": "cerazette",
    "pct": "02Q",
    "practice": "A86030",
    "month": "2015-09-01",
    "numerator": 0.0,
    "denominator": 1000.0,
    "calc_value": 0.0,
    "num_items": null,
    "denom_items": 10,
    "num_cost": null,
    "denom_cost": 100.0,
    "num_quantity": null,
    "denom_quantity": 1000.0,
    "percentile": 0.0,
    "cost_savings": {
      "10": -37.67441860465118,
      "20": -66.59619450317126,
      "30": -78.01268498942918,
      "50": -105.88235294117646,
      "40": -91.4438502673797,
      "60": -222.3529411764705,
      "70": -365.9999999999998,
      "90": -738.0000000000001,
      "80": -564.0000000000002
    }
  }
},
{
  "model": "frontend.measurevalue",
  "pk": 4,
  "fields": {
    "measure": "cerazette",
    "pct": "02Q",
    "practice": "B82010",
    "month": "2015-09-01",
    "numerator": 0.0,
    "denominator": 0.0,
    "calc_value": null,
    "num_items": null,
    "denom_items": null,
    "num_cost": null,
    "denom_cost": null,
    "num_quantity": null,
    "denom_quantity": null,
    "percentile": null,
    "cost_savings": {
      "10": 0,
      "20": 0,
      "30": 0,
      "50": 0,
      "40": 0,
      "60": 0,
      "70": 0,
      "90": 0,
      "80": 0
    }
  }
},
{
  "model": "frontend.measurevalue",
  "pk": 5,
  "fields": {
    "measure": "cerazette",
    "pct": "02Q",
    "practice": "C84024",
    "month": "2015-09-01",
    "numerator": 10000.0,
    "denominator": 30000.0,
    "calc_value": 0.333333333333333,
    "num_items": 100,
    "denom_items": 300,
    "num_cost": 10000.0,
    "denom_cost": 12000.0,
    "num_quantity": 10000.0,
    "denom_quantity": 30000.0,
    "percentile": 66.6666666666667,
    "cost_savings": {
      "10": 7869.767441860465,
      "20": 7002.114164904862,
      "30": 6659.619450317125,
      "50": 5823.529411764705,
      "40": 6256.684491978609,
      "60": 2329.4117647058847,
      "70": -1979.9999999999927,
      "90": -13140.000000000004,
      "80": -7920.000000000007
    }
  }
},
{
  "model": "frontend.measurevalue",
  "pk": 6,
  "fields": {
    "measure": "cerazette",
    "pct": "02Q",
    "practice": "B82008",
    "month": "2015-09-01",
    "numerator": 0.0,
    "denominator": 0.0,
    "calc_value": null,
    "num_items": null,
    "denom_items": null,
    "num_cost": null,
    "denom_cost": null,
    "num_quantity": null,
    "denom_quantity": null,
    "percentile": null,
    "cost_savings": {
      "10": 0,
      "20": 0,
      "30": 0,
      "50": 0,
      "40": 0,
      "60": 0,
      "70": 0,
      "90": 0,
      "80": 0
    }
  }
},
{
  "model": "frontend.measurevalue",
  "pk": 7,
  "fields": {
    "measure": "cerazette",
    "pct": "04D",
    "practice": "C83051",
    "month": "2015-09-01",
    "numerator": 1500.0,
    "denominator": 21500.0,
    "calc_value": 0.0697674418604651,
    "num_items": 15,
    "denom_items": 215,
    "num_cost": 1500.0,
    "denom_cost": 3500.0,
    "num_quantity": 1500.0,
    "denom_quantity": 21500.0,
    "percentile": 16.6666666666667,
    "cost_savings": {
      "10": 540.0,
      "20": -81.81818181818198,
      "30": -327.272727272727,
      "50": -926.4705882352946,
      "40": -616.042780748664,
      "60": -3430.5882352941153,
      "70": -6518.9999999999945,
      "90": -14517.0,
      "80": -10776.000000000005
    }
  }
},
{
  "model": "frontend.measurevalue",
  "pk": 8,
  "fields": {
    "measure": "cerazette",
    "pct": "03T",
    "practice": "C83019",
    "month": "2015-09-01",
    "numerator": 2000.0,
    "denominator": 17000.0,
    "calc_value": 0.117647058823529,
    "num_items": 20,
    "denom_items": 170,
    "num_cost": 2000.0,
    "denom_cost": 3500.0,
    "num_quantity": 2000.0,
    "denom_quantity": 17000.0,
    "percentile": 50.0,
    "cost_savings": {
      "10": 1159.5348837209303,
      "20": 667.8646934460885,
      "30": 473.7843551797041,
      "50": 0.0,
      "40": 245.45454545454504,
      "60": -1979.9999999999982,
      "70": -4421.999999999995,
      "90": -10746.000000000002,
      "80": -7788.000000000004
    }
  }
},
{
  "model": "frontend.measurevalue",
  "pk": 9,
  "fields": {
    "measure": "cerazette",
    "pct": "02Q",
    "practice": "B82005",
    "month": "2015-09-01",
    "numerator": 70000.0,
    "denominator": 100000.0,
    "calc_value": 0.7,
    "num_items": 700,
    "denom_items": 1000,
    "num_cost": 70000.0,
    "denom_cost": 73000.0,
    "num_quantity": 70000.0,
    "denom_quantity": 100000.0,
    "percentile": 83.3333333333333,
    "cost_savings": {
      "10": 59232.558139534885,
      "20": 56340.38054968287,
      "30": 55198.73150105708,
      "50": 52411.76470588235,
      "40": 53855.61497326203,
      "60": 40764.70588235295,
      "70": 26400.000000000022,
      "90": -10800.0,
      "80": 6599.999999999971
    }
  }
},
{
  "model": "frontend.measurevalue",
  "pk": 10,
  "fields": {
    "measure": "cerazette",
    "pct": "02Q",
    "practice": null,
    "month": "2015-09-01",
    "numerator": 82000.0,
    "denominator": 143000.0,
    "calc_value": 0.573426573426573,
    "num_items": 820,
    "denom_items": 1430,
    "num_cost": 82000.0,
    "denom_cost": 88100.0,
    "num_quantity": 82000.0,
    "denom_quantity": 143000.0,
    "percentile": 100.0,
    "cost_savings": {
      "10": 63588.50889192886,
      "20": 62356.087551299584,
      "30": 61123.666210670315,
      "50": 58658.82352941176,
      "40": 59891.24487004104,
      "60": 46927.05882352941,
      "70": 35195.29411764706,
      "90": 11731.76470588235,
      "80": 23463.52941176469
    }
  }
},
{
  "model": "frontend.measurevalue",
  "pk": 11,
  "fields": {
    "measure": "cerazette",
    "pct": "04D",
    "practice": null,
    "month": "2015-09-01",
    "numerator": 1500.0,
    "denominator": 21500.0,
    "calc_value": 0.0697674418604651,
    "num_items": 15,
    "denom_items": 215,
    "num_cost": 1500.0,
    "denom_cost": 3500.0,
    "num_quantity": 1500.0,
    "denom_quantity": 21500.0,
    "percentile": 0.0,
    "cost_savings": {
      "10": -185.294117647059,
      "20": -370.588235294118,
      "30": -555.8823529411766,
      "50": -926.4705882352946,
      "40": -741.1764705882351,
      "60": -2690.337309749074,
      "70": -4454.204031262854,
      "90": -7981.937474290415,
      "80": -6218.070752776637
    }
  }
},
{
  "model": "frontend.measurevalue",
  "pk": 12,
  "fields": {
    "measure": "cerazette",
    "pct": "03T",
    "practice": null,
    "month": "2015-09-01",
    "numerator": 2000.0,
    "denominator": 17000.0,
    "calc_value": 0.117647058823529,
    "num_items": 20,
    "denom_items": 170,
    "num_cost": 2000.0,
    "denom_cost": 3500.0,
    "num_quantity": 2000.0,
    "denom_quantity": 17000.0,
    "percentile": 50.0,
    "cost_savings": {
      "10": 586.046511627907,
      "20": 439.53488372093034,
      "30": 293.02325581395326,
      "50": 0.0,
      "40": 146.51162790697708,
      "60": -1394.6853146853146,
      "70": -2789.370629370629,
      "90": -5578.741258741258,
      "80": -4184.0559440559455
    }
  }
},
{
  "model": "frontend.measurevalue",
  "pk": 13,
  "fields": {
    "measure": "keppra",
    "pct": "02Q",
    "practice": "A85017",
    "month": "2015-09-01",
    "numerator": 0.0,
    "denominator": 0.0,
    "calc_value": null,
    "num_items": null,
    "denom_items": null,
    "num_cost": null,
    "denom_cost": null,
    "num_quantity": null,
    "denom_quantity": null,
    "percentile": null,
    "cost_savings": {
      "10": 0,
      "20": 0,
      "30": 0,
      "50": 0,
      "40": 0,
      "60": 0,
      "70": 0,
      "90": 0,
      "80": 0
    }
  }
},
{
  "model": "frontend.measurevalue",
  "pk": 14,
  "fields": {
    "measure": "keppra",
    "pct": "04D",
    "practice": "C83051",
    "month": "2015-09-01",
    "numerator": 1.0,
    "denominator": 6.0,
    "calc_value": 0.166666666666667,
    "num_items": 1,
    "denom_items": 6,
    "num_cost": 10.0,
    "denom_cost": 60.0,
    "num_quantity": 1.0,
    "denom_quantity": 6.0,
    "percentile": 0.0,
    "cost_savings": {
      "10": 0.0,
      "20": 0.0,
      "30": 0.0,
      "50": 0.0,
      "40": 0.0,
      "60": 0.0,
      "70": 0.0,
      "90": 0.0,
      "80": 0.0
    }
  }
},
{
  "model": "frontend.measurevalue",
  "pk": 15,
  "fields": {
    "measure": "keppra",
    "pct": "02Q",
    "practice": "B82005",
    "month": "2015-09-01",
    "numerator": 0.0,
    "denominator": 0.0,
    "calc_value": null,
    "num_items": null,
    "denom_items": null,
    "num_cost": null,
    "denom_cost": null,
    "num_quantity": null,
    "denom_quantity": null,
    "percentile": null,
    "cost_savings": {
      "10": 0,
      "20": 0,
      "30": 0,
      "50": 0,
      "40": 0,
      "60": 0,
      "70": 0,
      "90": 0,
      "80": 0
    }
  }
},
{
  "model": "frontend.measurevalue",
  "pk": 16,
  "fields": {
    "measure": "keppra",
    "pct": "02Q",
    "practice": "C84001",
    "month": "2015-09-01",
    "numerator": 5.0,
    "denominator": 10.0,
    "calc_value": 0.5,
    "num_items": 10,
    "denom_items": 11,
    "num_cost": 100000.0,
    "denom_cost": 100500.0,
    "num_quantity": 5.0,
    "denom_quantity": 10.0,
    "percentile": 100.0,
    "cost_savings": {
      "10": 66333.33333333334,
      "20": 66333.33333333334,
      "30": 66333.33333333334,
      "50": 66333.33333333334,
      "40": 66333.33333333334,
      "60": 53066.66666666667,
      "70": 39800.000000000015,
      "90": 13266.666666666657,
      "80": 26533.33333333333
    }
  }
},
{
  "model": "frontend.measurevalue",
  "pk": 17,
  "fields": {
    "measure": "keppra",
    "pct": "02Q",
    "practice": "B82010",
    "month": "2015-09-01",
    "numerator": 0.0,
    "denominator": 0.0,
    "calc_value": null,
    "num_items": null,
    "denom_items": null,
    "num_cost": null,
    "denom_cost": null,
    "num_quantity": null,
    "denom_quantity": null,
    "percentile": null,
    "cost_savings": {
      "10": 0,
      "20": 0,
      "30": 0,
      "50": 0,
      "40": 0,
      "60": 0,
      "70": 0,
      "90": 0,
      "80": 0
    }
  }
},
{
  "model": "frontend.measurevalue",
  "pk": 18,
  "fields": {
    "measure": "keppra",
    "pct": "03T",
    "practice": "C83019",
    "month": "2015-09-01",
    "numerator": 1.0,
    "denominator": 6.0,
    "calc_value": 0.166666666666667,
    "num_items": 1,
    "denom_items": 6,
    "num_cost": 10.0,
    "denom_cost": 60.0,
    "num_quantity": 1.0,
    "denom_quantity": 6.0,
    "percentile": 0.0,
    "cost_savings": {
      "10": 0.0,
      "20": 0.0,
      "30": 0.0,
      "50": 0.0,
      "40": 0.0,
      "60": 0.0,
      "70": 0.0,
      "90": 0.0,
      "80": 0.0
    }
  }
},
{
  "model": "frontend.measurevalue",
  "pk": 19,
  "fields": {
    "measure": "keppra",
    "pct": "02Q",
    "practice": "B82008",
    "month": "2015-09-01",
    "numerator": 0.0,
    "denominator": 0.0,
    "calc_value": null,
    "num_items": null,
    "denom_items": null,
    "num_cost": null,
    "denom_cost": null,
    "num_quantity": null,
    "denom_quantity": null,
    "percentile": null,
    "cost_savings": {
      "10": 0,
      "20": 0,
      "30": 0,
      "50": 0,
      "40": 0,
      "60": 0,
      "70": 0,
      "90": 0,
      "80": 0
    }
  }
},
{
  "model": "frontend.measurevalue",
  "pk": 20,
  "fields": {
    "measure": "keppra",
    "pct": "02Q",
    "practice": "C84024",
    "month": "2015-09-01",
    "numerator": 0.0,
    "denominator": 0.0,
    "calc_value": null,
    "num_items": null,
    "denom_items": null,
    "num_cost": null,
    "denom_cost": null,
    "num_quantity": null,
    "denom_quantity": null,
    "percentile": null,
    "cost_savings": {
      "10": 0,
      "20": 0,
      "30": 0,
      "50": 0,
      "40": 0,
      "60": 0,
      "70": 0,
      "90": 0,
      "80": 0
    }
  }
},
{
  "model": "frontend.measurevalue",
  "pk": 21,
  "fields": {
    "measure": "keppra",
    "pct": "02Q",
    "practice": "A86030",
    "month": "2015-09-01",
    "numerator": 0.0,
    "denominator": 0.0,
    "calc_value": null,
    "num_items": null,
    "denom_items": null,
    "num_cost": null,
    "denom_cost": null,
    "num_quantity": null,
    "denom_quantity": null,
    "percentile": null,
    "cost_savings": {
      "10": 0,
      "20": 0,
      "30": 0,
      "50": 0,
      "40": 0,
      "60": 0,
      "70": 0,
      "90": 0,
      "80": 0
    }
  }
},
{
  "model": "frontend.measurevalue",
  "pk": 22,
  "fields": {
    "measure": "keppra",
    "pct": "02Q",
    "practice": null,
    "month": "2015-09-01",
    "numerator": 5.0,
    "denominator": 10.0,
    "calc_value": 0.5,
    "num_items": 10,
    "denom_items": 11,
    "num_cost": 100000.0,
    "denom_cost": 100500.0,
    "num_quantity": 5.0,
    "denom_quantity": 10.0,
    "percentile": 100.0,
    "cost_savings": {
      "10": 66333.33333333334,
      "20": 66333.33333333334,
      "30": 66333.33333333334,
      "50": 66333.33333333334,
      "40": 66333.33333333334,
      "60": 53066.66666666667,
      "70": 39800.000000000015,
      "90": 13266.666666666657,
      "80": 26533.33333333333
    }
  }
},
{
  "model": "frontend.measurevalue",
  "pk": 23,
  "fields": {
    "measure": "keppra",
    "pct": "04D",
    "practice": null,
    "month": "2015-09-01",
    "numerator": 1.0,
    "denominator": 6.0,
    "calc_value": 0.166666666666667,
    "num_items": 1,
    "denom_items": 6,
    "num_cost": 10.0,
    "denom_cost": 60.0,
    "num_quantity": 1.0,
    "denom_quantity": 6.0,
    "percentile": 0.0,
    "cost_savings": {
      "10": 0.0,
      "20": 0.0,
      "30": 0.0,
      "50": 0.0,
      "40": 0.0,
      "60": 0.0,
      "70": 0.0,
      "90": 0.0,
      "80": 0.0
    }
  }
},
{
  "model": "frontend.measurevalue",
  "pk": 24,
  "fields": {
    "measure": "keppra",
    "pct": "03T",
    "practice": null,
    "month": "2015-09-01",
    "numerator": 1.0,
    "denominator": 6.0,
    "calc_value": 0.166666666666667,
    "num_items": 1,
    "denom_items": 6,
    "num_cost": 10.0,
    "denom_cost": 60.0,
    "num_quantity": 1.0,
    "denom_quantity": 6.0,
    "percentile": 0.0,
    "cost_savings": {
      "10": 0.0,
      "20": 0.0,
      "30": 0.0,
      "50": 0.0,
      "40": 0.0,
      "60": 0.0,
      "70": 0.0,
      "90": 0.0,
      "80": 0.0
    }
  }
},
{
  "model": "frontend.measureglobal",
  "pk": 1,
  "fields": {
    "measure": "cerazette",
    "month": "2015-09-01",
    "numerator": 85500.0,
    "denominator": 181500.0,
    "calc_value": 0.471074380165289,
    "num_items": 855,
    "denom_items": 1815,
    "num_cost": 85500.0,
    "denom_cost": 95100.0,
    "num_quantity": 85500.0,
    "denom_quantity": 181500.0,
    "cost_per_num": 1.0,
    "cost_per_denom": 0.1,
    "percentiles": {
      "ccg": {
        "10": 0.07934336525307797,
        "20": 0.08891928864569083,
        "30": 0.09849521203830369,
        "50": 0.11764705882352941,
        "40": 0.10807113543091655,
        "60": 0.2088029617441382,
        "70": 0.29995886466474697,
        "90": 0.4822706705059646,
        "80": 0.3911147675853559
      },
      "practice": {
        "10": 0.041860465116279076,
        "20": 0.07399577167019028,
        "30": 0.08668076109936575,
        "50": 0.11764705882352941,
        "40": 0.10160427807486633,
        "60": 0.24705882352941166,
        "70": 0.4066666666666664,
        "90": 0.8200000000000001,
        "80": 0.6266666666666669
      }
    },
    "cost_savings": {
      "ccg": {
        "10": 64174.55540355677,
        "20": 62795.622435020516,
        "30": 61416.68946648427,
        "50": 58658.82352941176,
        "40": 60037.756497948016,
        "60": 46927.05882352941,
        "70": 35195.29411764706,
        "90": 11731.76470588235,
        "80": 23463.52941176469
      },
      "practice": {
        "10": 70149.76744186046,
        "20": 65011.20507399576,
        "30": 63195.98308668076,
        "50": 59029.41176470588,
        "40": 61166.310160427805,
        "60": 43771.764705882364,
        "70": 26934.000000000022,
        "90": 161.9999999999999,
        "80": 6935.999999999971
      }
    }
  }
},
{
  "model": "frontend.measureglobal",
  "pk": 2,
  "fields": {
    "measure": "keppra",
    "month": "2015-09-01",
    "numerator": 7.0,
    "denominator": 22.0,
    "calc_value": 0.318181818181818,
    "num_items": 12,
    "denom_items": 23,
    "num_cost": 100020.0,
    "denom_cost": 100620.0,
    "num_quantity": 7.0,
    "denom_quantity": 22.0,
    "cost_per_num": 14288.5714285714,
    "cost_per_denom": 40.0,
    "percentiles": {
      "ccg": {
        "10": 0.16666666666666666,
        "20": 0.16666666666666666,
        "30": 0.16666666666666666,
        "50": 0.16666666666666666,
        "40": 0.16666666666666666,
        "60": 0.2333333333333333,
        "70": 0.29999999999999993,
        "90": 0.43333333333333335,
        "80": 0.3666666666666667
      },
      "practice": {
        "10": 0.16666666666666666,
        "20": 0.16666666666666666,
        "30": 0.16666666666666666,
        "50": 0.16666666666666666,
        "40": 0.16666666666666666,
        "60": 0.2333333333333333,
        "70": 0.29999999999999993,
        "90": 0.43333333333333335,
        "80": 0.3666666666666667
      }
    },
    "cost_savings": {
      "ccg": {
        "10": 66333.33333333334,
        "20": 66333.33333333334,
        "30": 66333.33333333334,
        "50": 66333.33333333334,
        "40": 66333.33333333334,
        "60": 53066.66666666667,
        "70": 39800.000000000015,
        "90": 13266.666666666657,
        "80": 26533.33333333333
      },
      "practice": {
        "10": 66333.33333333334,
        "20": 66333.33333333334,
        "30": 66333.33333333334,
        "50": 66333.33333333334,
        "40": 66333.33333333334,
        "60": 53066.66666666667,
        "70": 39800.000000000015,
        "90": 13266.666666666657,
        "80": 26533.33333333333
      }
    }
  }
},
{
  "model": "frontend.importlog",
  "pk": 1,
  "fields": {
    "imported_at": "2016-09-26T10:27:43.335Z",
    "current_at": "2016-03-01",
    "filename": "dummy-initial-value",
    "category": "patient_list_size"
  }
},
{
  "model": "frontend.importlog",
  "pk": 2,
  "fields": {
    "imported_at": "2016-09-26T10:27:47.014Z",
    "current_at": "2015-09-01",
    "filename": "frontend/tests/fixtures/commands/T201509PDPI+BNFT_formatted.csv",
    "category": "prescribing"
  }
}
]
